sample_name,uploader,upload_date,overall_job_status,runtime_seconds,total_reads,passed_filters,passed_filters_percent,total_ercc_reads,subsampled_fraction,quality_control,compression_ratio,reads_after_star,reads_after_trimmomatic,reads_after_priceseq,reads_after_cdhitdup,reads_after_idseq_dedup,reads_after_czid_dedup,host_organism,notes,insert_size_median,insert_size_mode,insert_size_median_absolute_deviation,insert_size_min,insert_size_max,insert_size_mean,insert_size_standard_deviation,insert_size_read_pairs,sample_type,nucleotide_type,collection_date,water_control,collection_location,sequencing_batch
DoxyPep_R007_Plate2_Rectal_DNA_Seq091_S186,Ryan Ward,2022-12-12 11:40:14 -0800,COMPLETE,12723,59117024,10745654,18.177,34718,0.874677,87.195,3.85,26306824,24774894,22938260,,,5960832,Human,,178,146,43,4,4280966,193.588,81.6195,16405100,Rectal Swab,DNA,2022-11,No,"California, USA",Batch1
DoxyPep_R014_Plate2_Rectal_DNA_Seq091_S184,Ryan Ward,2022-12-12 11:40:14 -0800,COMPLETE,13077,53265882,4997276,9.382,556,0.925863,82.799,2.07,19502258,18058160,16147634,,,7818630,Human,,202,158,57,2,5008713,233.512,120.347,16881812,Rectal Swab,DNA,2022-11,No,"California, USA",Batch1
DoxyPep_R042_Plate1_Rectal_DNA_Seq091_S96,Ryan Ward,2022-12-12 11:40:15 -0800,COMPLETE,5539,49845276,1130286,2.268,3332,1.0,90.841,1.67,15810868,15711182,14362756,,,8596404,Human,,177,149,48,3,4671954,199.105,97.7279,17017203,Rectal Swab,DNA,2022-11,No,"California, USA",Batch1
DoxyPep_R076_Plate1_Rectal_DNA_Seq091_S15,Ryan Ward,2022-12-12 11:40:15 -0800,COMPLETE,24491,87070528,44986113,51.666,228,0.097959,94.317,2.2,61782038,61746082,58271180,,,26431374,Human,,195,159,47,2,3678048,212.603,87.3942,12644245,Rectal Swab,DNA,2022-11,No,"California, USA",Batch1
DoxyPep_R077_Plate1_Rectal_DNA_Seq091_S118,Ryan Ward,2022-12-12 11:40:15 -0800,COMPLETE,21241,110848242,64234431,57.948,288,0.0577935,94.886,1.91,91819000,91742184,87122978,,,45634202,Human,,170,147,39,2,4069430,179.107,65.8819,9514621,Rectal Swab,DNA,2022-11,No,"California, USA",Batch1
DoxyPep_R084_Plate1_Rectal_DNA_Seq091_S68,Ryan Ward,2022-12-12 11:40:15 -0800,COMPLETE,17173,150000000,3623508,2.416,196,1.0,88.897,1.69,33217222,33171632,29529026,,,17497760,Human,,217,166,59,1,4757004,248.755,119.907,58391385,Rectal Swab,DNA,2022-11,No,"California, USA",Batch1
DoxyPep_R088_Plate1_Rectal_DNA_Seq091_S93,Ryan Ward,2022-12-12 11:40:16 -0800,COMPLETE,36484,109920134,81922997,74.53,536,0.0511207,93.017,2.1,95339854,95282718,88682082,,,42236240,Human,,240,168,69,2,4320802,267.426,123.187,7290140,Rectal Swab,DNA,2022-11,No,"California, USA",Batch1
DoxyPep_R091_Plate1_Rectal_DNA_Seq091_S61,Ryan Ward,2022-12-12 11:40:16 -0800,COMPLETE,25681,103806532,23330028,22.475,100,0.167168,92.369,1.96,54992800,54916562,50796360,,,25889438,Human,,183,148,46,2,4283628,197.67,82.6028,24406861,Rectal Swab,DNA,2022-11,No,"California, USA",Batch1
DoxyPep_R094_Plate2_Rectal_DNA_Seq091_S183,Ryan Ward,2022-12-12 11:40:16 -0800,COMPLETE,20255,92096052,12605545,13.687,292,0.462085,91.548,2.44,29825852,29719886,27305084,,,11202354,Human,,226,156,72,1,4588938,265.134,143.379,31135097,Rectal Swab,DNA,2022-11,No,"California, USA",Batch1
DoxyPep_R102_Plate1_Rectal_DNA_Seq091_S40,Ryan Ward,2022-12-12 11:40:16 -0800,COMPLETE,31780,87322166,26280632,30.096,314,0.139205,90.302,1.79,44679210,44644754,40346204,,,22491630,Human,,208,162,56,1,4487321,237.771,116.62,21321477,Rectal Swab,DNA,2022-11,No,"California, USA",Batch1
DoxyPep_R104_Plate1_Rectal_DNA_Seq091_S11,Ryan Ward,2022-12-12 11:40:16 -0800,COMPLETE,20113,72258038,21426686,29.653,612,0.166197,92.853,1.82,43308078,43216218,40212762,,,22094664,Human,,167,146,44,1,4062628,182.564,81.5355,14474980,Rectal Swab,DNA,2022-11,No,"California, USA",Batch1
DoxyPep_R105_Plate1_Rectal_DNA_Seq091_S13,Ryan Ward,2022-12-12 11:40:16 -0800,COMPLETE,7357,56478400,1550416,2.745,136,1.0,93.26,1.68,19816214,19724710,18480532,,,10972604,Human,,154,147,35,3,4153679,159.573,55.5087,18331093,Rectal Swab,DNA,2022-11,No,"California, USA",Batch1
DoxyPep_R106_Plate1_Rectal_DNA_Seq091_S25,Ryan Ward,2022-12-12 11:40:16 -0800,COMPLETE,18650,55966478,44947536,80.312,1098,0.117736,91.965,2.67,53457426,52929234,49161994,,,18402818,Human,,164,146,47,3,2818721,184.274,91.9335,1254526,Rectal Swab,DNA,2022-11,No,"California, USA",Batch1
DoxyPep_R108_Plate1_Rectal_DNA_Seq091_S35,Ryan Ward,2022-12-12 11:40:16 -0800,COMPLETE,5883,80850332,371560,0.46,686,1.0,85.119,1.58,20120128,20049834,17125970,,,10812632,Human,,202,152,56,1,3930329,237.199,122.397,30365098,Rectal Swab,DNA,2022-11,No,"California, USA",Batch1
DoxyPep_R113_Plate1_Rectal_DNA_Seq091_S16,Ryan Ward,2022-12-12 11:40:16 -0800,COMPLETE,8215,87159220,1785930,2.049,2182,1.0,90.144,2.62,29818270,29705322,26879438,,,10263638,Human,,161,147,38,2,4266175,169.299,62.5973,28670473,Rectal Swab,DNA,2022-11,No,"California, USA",Batch1
DoxyPep_R124_Plate1_Rectal_DNA_Seq091_S46,Ryan Ward,2022-12-12 11:40:16 -0800,COMPLETE,23993,70756302,63391847,89.592,224,0.0637475,95.391,2.04,70229942,70199588,66993202,,,32913832,Human,,177,154,39,8,2583414,189.352,72.3008,263180,Rectal Swab,DNA,2022-11,No,"California, USA",Batch1
DoxyPep_R127_Plate1_Rectal_DNA_Seq091_S65,Ryan Ward,2022-12-12 11:40:16 -0800,COMPLETE,23455,111636936,64642308,57.904,688,0.0483586,94.579,1.59,85877344,85810878,81222296,,,51114102,Human,,176,152,41,1,4376956,188.282,71.9453,12879795,Rectal Swab,DNA,2022-11,No,"California, USA",Batch1
DoxyPep_R132_Plate1_Rectal_DNA_Seq091_S92,Ryan Ward,2022-12-12 11:40:16 -0800,COMPLETE,4243,35953412,875078,2.434,1208,1.0,90.096,3.88,13096542,12927010,11799486,,,3039400,Human,,155,146,38,7,3510707,164.063,62.7343,11428435,Rectal Swab,DNA,2022-11,No,"California, USA",Batch1
DoxyPep_R137_Plate1_Rectal_DNA_Seq091_S12,Ryan Ward,2022-12-12 11:40:17 -0800,COMPLETE,30293,138226430,97903783,70.829,1882,0.0474806,93.447,2.35,122595772,122550926,114561878,,,48665596,Human,,192,148,45,2,3772297,205.728,80.949,7815329,Rectal Swab,DNA,2022-11,No,"California, USA",Batch1
DoxyPep_R140_Plate1_Rectal_DNA_Seq091_S58,Ryan Ward,2022-12-12 11:40:17 -0800,COMPLETE,20790,122967098,23351636,18.99,1736,0.253482,93.457,2.72,48040160,47985850,44896710,,,16506094,Human,,210,160,53,2,4446841,226.764,91.6559,37463466,Rectal Swab,DNA,2022-11,No,"California, USA",Batch1
DoxyPep_R141_Plate1_Rectal_DNA_Seq091_S55,Ryan Ward,2022-12-12 11:40:17 -0800,COMPLETE,20324,109829192,24648485,22.443,3984,0.271048,89.448,3.01,41194590,41144204,36847810,,,12235336,Human,,252,169,80,1,4673663,288.252,148.435,34317292,Rectal Swab,DNA,2022-11,No,"California, USA",Batch1
DoxyPep_R143_Plate2_Rectal_DNA_Seq091_S167,Ryan Ward,2022-12-12 11:40:17 -0800,COMPLETE,14776,39984174,34784534,86.996,15316,0.148097,92.716,2.64,39907922,38954826,37000954,,,14016214,Human,,153,90,48,30,3420321,155.939,65.2094,38126,Rectal Swab,DNA,2022-11,No,"California, USA",Batch1
DoxyPep_R146_Plate1_Rectal_DNA_Seq091_S67,Ryan Ward,2022-12-12 11:40:17 -0800,COMPLETE,23851,96313710,4355045,4.522,1212,0.728586,90.674,1.63,39194488,39088488,35539182,,,21828858,Human,,156,146,36,1,4445404,164.722,62.7824,28559604,Rectal Swab,DNA,2022-11,No,"California, USA",Batch1
DoxyPep_R148_Plate1_Rectal_DNA_Seq091_S94,Ryan Ward,2022-12-12 11:40:17 -0800,COMPLETE,22191,101122964,15753437,15.578,2440,0.317654,90.541,2.35,40146896,40076432,36349442,,,15437396,Human,,199,161,48,1,4536305,219.573,95.9184,30488029,Rectal Swab,DNA,2022-11,No,"California, USA",Batch1
DoxyPep_R149_Plate1_Rectal_DNA_Seq091_S84,Ryan Ward,2022-12-12 11:40:17 -0800,COMPLETE,19086,59214728,18244448,30.811,648,0.336472,91.853,2.83,33772218,33676798,31020814,,,10946536,Human,,169,146,42,2,4042780,189.285,88.2553,12721255,Rectal Swab,DNA,2022-11,No,"California, USA",Batch1
DoxyPep_R152_Plate1_Rectal_DNA_Seq091_S10,Ryan Ward,2022-12-12 11:40:17 -0800,COMPLETE,20517,57230054,49234029,86.028,566,0.0780568,95.28,1.95,56003988,55869358,53360474,,,27370698,Human,,123,98,28,7,2462757,130.381,42.8599,613032,Rectal Swab,DNA,2022-11,No,"California, USA",Batch1
DoxyPep_R165_Plate1_Rectal_DNA_Seq091_S31,Ryan Ward,2022-12-12 11:40:17 -0800,COMPLETE,5454,34751008,10057118,28.941,12,1.0,75.626,9.34,24292128,24106598,18371052,,,1966926,Human,,169,156,42,6,3444935,179.085,73.9408,5229440,Rectal Swab,DNA,2022-11,No,"California, USA",Batch1
DoxyPep_R176_Plate1_Rectal_DNA_Seq091_S69,Ryan Ward,2022-12-12 11:40:18 -0800,COMPLETE,16330,66191122,15892875,24.011,574,0.364244,91.028,2.69,28544606,28288804,25983670,,,9655860,Human,,212,161,58,2,4520876,246.374,124.051,18823254,Rectal Swab,DNA,2022-11,No,"California, USA",Batch1
DoxyPep_R182_Plate1_Rectal_DNA_Seq091_S52,Ryan Ward,2022-12-12 11:40:18 -0800,COMPLETE,14530,62049410,7759754,12.506,422,0.672013,91.289,2.35,24988230,24916602,22811512,,,9723754,Human,,186,149,47,2,3957045,203.79,87.5456,18530590,Rectal Swab,DNA,2022-11,No,"California, USA",Batch1
DoxyPep_R183_Plate1_Rectal_DNA_Seq091_S137,Ryan Ward,2022-12-12 11:40:18 -0800,COMPLETE,17873,111486182,18654848,16.733,640,0.284694,90.779,2.45,37403682,37377682,33954578,,,13832266,Human,,244,181,73,1,4536032,275.435,135.803,37041249,Rectal Swab,DNA,2022-11,No,"California, USA",Batch1
DoxyPep_R195_Plate1_Rectal_DNA_Seq091_S27,Ryan Ward,2022-12-12 11:40:18 -0800,COMPLETE,11925,64842978,3003728,4.632,138,1.0,89.244,1.69,22715076,22677882,20271738,,,11983690,Human,,181,146,45,2,4136059,200.117,89.3371,21063951,Rectal Swab,DNA,2022-11,No,"California, USA",Batch1
DoxyPep_R207_Plate1_Rectal_DNA_Seq091_S66,Ryan Ward,2022-12-12 11:40:18 -0800,COMPLETE,11168,60190254,5314654,8.83,2390,1.0,89.088,3.16,23466114,23325162,20905392,,,6605506,Human,,168,162,28,1,3682721,175.267,62.9872,18362055,Rectal Swab,DNA,2022-11,No,"California, USA",Batch1
DoxyPep_R208_Plate1_Rectal_DNA_Seq091_S81,Ryan Ward,2022-12-12 11:40:18 -0800,COMPLETE,4615,32945212,1199344,3.64,2072,1.0,88.09,3.55,14657762,14098110,12912000,,,3633940,Human,,175,148,53,4,3553178,202.406,110.378,9143725,Rectal Swab,DNA,2022-11,No,"California, USA",Batch1
DoxyPep_R211_Plate1_Rectal_DNA_Seq091_S70,Ryan Ward,2022-12-12 11:40:18 -0800,COMPLETE,21273,81640774,46246449,56.646,378,0.110395,94.532,2.64,67356732,67242432,63673404,,,24145372,Human,,148,146,35,3,3193193,152.858,52.8404,7142021,Rectal Swab,DNA,2022-11,No,"California, USA",Batch1
DoxyPep_R212_Plate1_Rectal_DNA_Seq091_S85,Ryan Ward,2022-12-12 11:40:18 -0800,COMPLETE,5770,60980818,1006822,1.651,164,1.0,92.595,1.83,20150266,20083994,18658174,,,10190712,Human,,150,146,33,1,4561789,153.474,49.7945,20415274,Rectal Swab,DNA,2022-11,No,"California, USA",Batch1
DoxyPep_R245_Plate1_Rectal_DNA_Seq091_S148,Ryan Ward,2022-12-12 11:40:19 -0800,COMPLETE,14214,50150826,33566443,66.931,13520,0.246264,92.868,4.03,41410942,40963616,38457636,,,9535652,Human,,182,147,46,3,3588014,205.049,98.5634,4369942,Rectal Swab,DNA,2022-11,No,"California, USA",Batch1
DoxyPep_R262_Plate1_Rectal_DNA_Seq091_S39,Ryan Ward,2022-12-12 11:40:19 -0800,COMPLETE,21036,68995316,18810923,27.264,3540,0.27415,93.166,2.44,36598364,36545884,34097076,,,13979252,Human,,184,149,47,2,4081278,204.249,92.595,16198476,Rectal Swab,DNA,2022-11,No,"California, USA",Batch1
DoxyPep_R277_Plate1_Rectal_DNA_Seq091_S22,Ryan Ward,2022-12-12 11:40:20 -0800,COMPLETE,18504,150000000,13168729,8.779,318,0.306728,87.985,1.86,35803964,35756502,31502218,,,16898798,Human,,256,180,78,2,4764059,291.572,147.062,57098018,Rectal Swab,DNA,2022-11,No,"California, USA",Batch1
DoxyPep_R278_Plate1_Rectal_DNA_Seq091_S37,Ryan Ward,2022-12-12 11:40:20 -0800,COMPLETE,20928,67499254,45538819,67.466,1990,0.113785,93.316,2.63,59325210,59125576,55359638,,,21079058,Human,,171,147,54,2,3924146,193.893,100.843,4087022,Rectal Swab,DNA,2022-11,No,"California, USA",Batch1
DoxyPep_R284_Plate1_Rectal_DNA_Seq091_S113,Ryan Ward,2022-12-12 11:40:20 -0800,COMPLETE,3801,31716596,256268,0.808,1072,1.0,84.395,3.01,11006412,10672126,9288848,,,3090612,Human,,183,149,48,3,3854651,209.779,103.43,10355092,Rectal Swab,DNA,2022-11,No,"California, USA",Batch1
DoxyPep_R286_Plate1_Rectal_DNA_Seq091_S54,Ryan Ward,2022-12-12 11:40:20 -0800,COMPLETE,26192,84387076,59816381,70.883,2138,0.100634,92.127,2.98,72526278,72452734,66816136,,,22401660,Human,,182,160,32,2,3588068,193.008,64.4148,5930399,Rectal Swab,DNA,2022-11,No,"California, USA",Batch1
doxyPEPREDO_R006_RectalSwab_DNA_Seq102_S144,Christina Love,2023-05-01 17:20:59 -0700,COMPLETE,31573,127050106,5499958,4.329,10904,0.0486332,90.144,2.75,,,,,,41170824,Human,,,,,,,,,,Rectal Swab ,DNA,United States,No ,batch_1,Batch2
doxyPEPREDO_R008_RectalSwab_DNA_Seq102_S77,Christina Love,2023-05-01 17:21:00 -0700,COMPLETE,26137,79862376,11244098,14.079,9726,0.240156,89.482,5.62,,,,,,8335796,Human,,,,,,,,,,Rectal Swab ,DNA,United States,No ,batch_1,Batch2
doxyPEPREDO_R009_RectalSwab_DNA_Seq102_S198,Christina Love,2023-05-01 17:21:00 -0700,COMPLETE,33503,138460706,6268692,4.527,6940,0.0602654,87.996,3.13,,,,,,33182308,Human,,,,,,,,,,Rectal Swab ,DNA,United States,No ,batch_1,Batch2
doxyPEPREDO_R010_RectalSwab_DNA_Seq102_S83,Christina Love,2023-05-01 17:21:00 -0700,COMPLETE,22615,101415966,8134634,8.021,4170,1.0,83.702,5.67,,,,,,1434158,Human,,240,196,44,196,391,275.667,102.276,3,Rectal Swab ,DNA,United States,No ,batch_1,Batch2
doxyPEPREDO_R012_RectalSwab_DNA_Seq102_S226,Christina Love,2023-05-01 17:21:00 -0700,COMPLETE,27779,150000000,5859878,3.907,9558,0.0454708,89.47,2.93,,,,,,44017298,Human,,,,,,,,,,Rectal Swab ,DNA,United States,No ,batch_1,Batch2
doxyPEPREDO_R013_RectalSwab_DNA_Seq102_S4,Christina Love,2023-05-01 17:21:00 -0700,COMPLETE,27518,68651774,7128076,10.383,4828,0.158124,88.939,3.56,,,,,,12664542,Human,,232,232,0,232,232,232.0,0.0,1,Rectal Swab ,DNA,United States,No ,batch_1,Batch2
doxyPEPREDO_R016_RectalSwab_DNA_Seq102_S63,Christina Love,2023-05-01 17:21:00 -0700,COMPLETE,19870,150000000,521022,0.347,24916,1.0,82.685,9.19,,,,,,56694,Human,,338,251,14,251,352,313.667,54.7205,3,Rectal Swab ,DNA,United States,No ,batch_1,Batch2
doxyPEPREDO_R023_RectalSwab_DNA_Seq102_S43,Christina Love,2023-05-01 17:21:00 -0700,COMPLETE,22983,63610520,5973400,9.391,5930,0.168035,88.68,2.99,,,,,,11905558,Human,,276,218,58,218,334,276.0,82.0244,2,Rectal Swab ,DNA,United States,No ,batch_1,Batch2
doxyPEPREDO_R025_RectalSwab_DNA_Seq102_S40,Christina Love,2023-05-01 17:21:00 -0700,COMPLETE,38498,149716042,7277976,4.861,14924,0.0830235,86.65,3.64,,,,,,24077028,Human,,,,,,,,,,Rectal Swab ,DNA,United States,No ,batch_1,Batch2
doxyPEPREDO_R027_RectalSwab_DNA_Seq102_S5,Christina Love,2023-05-01 17:21:00 -0700,COMPLETE,25669,81310824,4734814,5.823,7580,0.0768294,89.37,2.37,,,,,,26039058,Human,,,,,,,,,,Rectal Swab ,DNA,United States,No ,batch_1,Batch2
doxyPEPREDO_R034_RectalSwab_DNA_Seq102_S24,Christina Love,2023-05-01 17:21:00 -0700,COMPLETE,26217,28549602,4135678,14.486,2574,0.375023,86.544,2.07,,,,,,5338414,Human,,,,,,,,,,Rectal Swab ,DNA,United States,No ,batch_1,Batch2
doxyPEPREDO_R035_RectalSwab_DNA_Seq102_S162,Christina Love,2023-05-01 17:21:00 -0700,COMPLETE,32863,150000000,5504988,3.67,14036,0.0404712,91.283,2.75,,,,,,49484872,Human,,,,,,,,,,Rectal Swab ,DNA,United States,No ,batch_1,Batch2
doxyPEPREDO_R036_RectalSwab_DNA_Seq102_S59,Christina Love,2023-05-01 17:21:00 -0700,COMPLETE,23569,56334850,4618412,8.198,4232,0.142881,88.122,2.31,,,,,,14000284,Human,,,,,,,,,,Rectal Swab ,DNA,United States,No ,batch_1,Batch2
doxyPEPREDO_R048_RectalSwab_DNA_Seq102_S8,Christina Love,2023-05-01 17:21:00 -0700,COMPLETE,27206,64203494,10753134,16.749,25512,0.418529,87.035,5.37,,,,,,4783404,Human,,,,,,,,,,Rectal Swab ,DNA,United States,No ,batch_1,Batch2
doxyPEPREDO_R051_RectalSwab_DNA_Seq102_S58,Christina Love,2023-05-01 17:21:00 -0700,COMPLETE,28680,63040694,5941894,9.425,4422,0.188911,87.121,2.97,,,,,,10596984,Human,,308,308,0,308,308,308.0,0.0,1,Rectal Swab ,DNA,United States,No ,batch_1,Batch2
doxyPEPREDO_R055_RectalSwab_DNA_Seq102_S19,Christina Love,2023-05-01 17:21:01 -0700,COMPLETE,22746,104980800,4848580,4.619,12806,0.153778,85.345,2.42,,,,,,13012496,Human,,380,201,60,201,440,340.333,124.34,3,Rectal Swab ,DNA,United States,No ,batch_1,Batch2
doxyPEPREDO_R062_RectalSwab_DNA_Seq102_S28,Christina Love,2023-05-01 17:21:01 -0700,COMPLETE,20062,66453358,17881716,26.909,16728,0.373887,90.073,8.94,,,,,,5350484,Human,,,,,,,,,,Rectal Swab ,DNA,United States,No ,batch_1,Batch2
doxyPEPREDO_R072_RectalSwab_DNA_Seq102_S154,Christina Love,2023-05-01 17:21:01 -0700,COMPLETE,31889,150000000,7811684,5.208,16560,0.0808663,90.802,3.91,,,,,,24728890,Human,,,,,,,,,,Rectal Swab ,DNA,United States,No ,batch_1,Batch2
doxyPEPREDO_R078_RectalSwab_DNA_Seq102_S82,Christina Love,2023-05-01 17:21:01 -0700,COMPLETE,29093,99518474,5684018,5.712,4480,0.116534,86.917,2.84,,,,,,17186724,Human,,,,,,,,,,Rectal Swab ,DNA,United States,No ,batch_1,Batch2
doxyPEPREDO_R079_RectalSwab_DNA_Seq102_S7,Christina Love,2023-05-01 17:21:01 -0700,COMPLETE,6637,54634246,296750,0.543,6590,1.0,85.287,5.88,,,,,,50438,Human,,226,179,45,74,66450436,231.8,68.4251,141,Rectal Swab ,DNA,United States,No ,batch_1,Batch2
doxyPEPREDO_R080_RectalSwab_DNA_Seq102_S109,Christina Love,2023-05-01 17:21:01 -0700,COMPLETE,21106,57934536,9178866,15.844,10988,0.406866,86.069,4.59,,,,,,4917904,Human,,278,214,64,214,343,278.5,91.2168,2,Rectal Swab ,DNA,United States,No ,batch_1,Batch2
doxyPEPREDO_R083_RectalSwab_DNA_Seq102_S161,Christina Love,2023-05-01 17:21:01 -0700,COMPLETE,31304,150000000,5077192,3.385,13552,0.0435881,87.944,2.54,,,,,,45867984,Human,,,,,,,,,,Rectal Swab ,DNA,United States,No ,batch_1,Batch2
doxyPEPREDO_R085_RectalSwab_DNA_Seq102_S20,Christina Love,2023-05-01 17:21:01 -0700,COMPLETE,15318,119517060,5149228,4.308,21644,1.0,82.751,9.11,,,,,,565356,Human,,261,204,65,148,501,278.742,95.4589,31,Rectal Swab ,DNA,United States,No ,batch_1,Batch2
doxyPEPREDO_R086_RectalSwab_DNA_Seq102_S2,Christina Love,2023-05-01 17:21:01 -0700,COMPLETE,21584,63981318,6789134,10.611,5046,0.136172,90.049,3.39,,,,,,14707002,Human,,,,,,,,,,Rectal Swab ,DNA,United States,No ,batch_1,Batch2
doxyPEPREDO_R096_RectalSwab_DNA_Seq102_S86,Christina Love,2023-05-01 17:21:01 -0700,COMPLETE,6701,60510366,289514,0.478,4912,1.0,84.279,6.12,,,,,,47316,Human,,237,216,40,143,475,246.651,64.2732,146,Rectal Swab ,DNA,United States,No ,batch_1,Batch2
doxyPEPREDO_R097_RectalSwab_DNA_Seq102_S199,Christina Love,2023-05-01 17:21:01 -0700,COMPLETE,26540,150000000,6801602,4.534,5994,0.771966,82.506,3.4,,,,,,2590560,Human,,264,296,51,188,559,291.19,93.6102,21,Rectal Swab ,DNA,United States,No ,batch_1,Batch2
doxyPEPREDO_R100_RectalSwab_DNA_Seq102_S75,Christina Love,2023-05-01 17:21:01 -0700,COMPLETE,17725,72482736,7600560,10.486,4014,0.146619,86.673,3.8,,,,,,13639332,Human,,,,,,,,,,Rectal Swab ,DNA,United States,No ,batch_1,Batch2
doxyPEPREDO_R103_RectalSwab_DNA_Seq102_S78,Christina Love,2023-05-01 17:21:02 -0700,COMPLETE,23792,85679014,10815260,12.623,14790,0.186113,89.09,5.4,,,,,,10766574,Human,,,,,,,,,,Rectal Swab ,DNA,United States,No ,batch_1,Batch2
doxyPEPREDO_R109_RectalSwab_DNA_Seq102_S177,Christina Love,2023-05-01 17:21:02 -0700,COMPLETE,27193,92900140,5642490,6.074,6622,0.0745432,88.264,2.82,,,,,,26836440,Human,,,,,,,,,,Rectal Swab ,DNA,United States,No ,batch_1,Batch2
doxyPEPREDO_R111_RectalSwab_DNA_Seq102_S10,Christina Love,2023-05-01 17:21:02 -0700,COMPLETE,22680,72914908,3992834,5.476,7100,0.100853,85.094,1.99,,,,,,19848678,Human,,202,197,5,197,208,202.5,7.77817,2,Rectal Swab ,DNA,United States,No ,batch_1,Batch2
doxyPEPREDO_R120_RectalSwab_DNA_Seq102_S93,Christina Love,2023-05-01 17:21:02 -0700,COMPLETE,32726,34972146,3777116,10.8,2312,0.124413,87.06,1.89,,,,,,16062378,Human,,,,,,,,,,Rectal Swab ,DNA,United States,No ,batch_1,Batch2
doxyPEPREDO_R121_RectalSwab_DNA_Seq102_S112,Christina Love,2023-05-01 17:21:02 -0700,COMPLETE,14270,27471968,8065102,29.358,8082,0.320667,92.752,4.02,,,,,,6254118,Human,,,,,,,,,,Rectal Swab ,DNA,United States,No ,batch_1,Batch2
doxyPEPREDO_R122_RectalSwab_DNA_Seq102_S39,Christina Love,2023-05-01 17:21:02 -0700,COMPLETE,28670,67220282,5007826,7.45,4494,0.306043,83.654,2.5,,,,,,6536306,Human,,291,172,60,172,351,262.4,72.8855,5,Rectal Swab ,DNA,United States,No ,batch_1,Batch2
doxyPEPREDO_R123_RectalSwab_DNA_Seq102_S91,Christina Love,2023-05-01 17:21:02 -0700,COMPLETE,21631,56315710,7091216,12.592,4916,0.205488,89.709,3.54,,,,,,9736736,Human,,188,184,4,184,192,188.0,5.65685,2,Rectal Swab ,DNA,United States,No ,batch_1,Batch2
doxyPEPREDO_R125_RectalSwab_DNA_Seq102_S164,Christina Love,2023-05-01 17:21:02 -0700,COMPLETE,34569,150000000,11566530,7.711,5772,0.127594,85.78,5.78,,,,,,15676486,Human,,,,,,,,,,Rectal Swab ,DNA,United States,No ,batch_1,Batch2
doxyPEPREDO_R126_RectalSwab_DNA_Seq102_S103,Christina Love,2023-05-01 17:21:02 -0700,COMPLETE,27457,102557618,5381982,5.248,5386,0.0721137,88.7,2.69,,,,,,27731078,Human,,,,,,,,,,Rectal Swab ,DNA,United States,No ,batch_1,Batch2
doxyPEPREDO_R128_RectalSwab_DNA_Seq102_S37,Christina Love,2023-05-01 17:21:02 -0700,COMPLETE,29102,60873566,5022784,8.251,4950,0.430948,84.904,2.51,,,,,,4643516,Human,,255,179,59,179,593,301.333,152.04,6,Rectal Swab ,DNA,United States,No ,batch_1,Batch2
doxyPEPREDO_R133_RectalSwab_DNA_Seq102_S87,Christina Love,2023-05-01 17:21:02 -0700,COMPLETE,8903,85738464,440944,0.514,367446,1.0,84.364,5.45,,,,,,80976,Human,,236,159,52,159,485,268.321,88.0833,28,Rectal Swab ,DNA,United States,No ,batch_1,Batch2
doxyPEPREDO_R134_RectalSwab_DNA_Seq102_S125,Christina Love,2023-05-01 17:21:02 -0700,COMPLETE,34423,120417666,4868408,4.043,13802,0.0457548,90.088,2.43,,,,,,43766802,Human,,,,,,,,,,Rectal Swab ,DNA,United States,No ,batch_1,Batch2
doxyPEPREDO_R135_RectalSwab_DNA_Seq102_S29,Christina Love,2023-05-01 17:21:02 -0700,COMPLETE,20592,48954570,10093122,20.617,10192,0.395114,86.461,5.04,,,,,,5068594,Human,,,,,,,,,,Rectal Swab ,DNA,United States,No ,batch_1,Batch2
doxyPEPREDO_R136_RectalSwab_DNA_Seq102_S235,Christina Love,2023-05-01 17:21:02 -0700,COMPLETE,40946,140426236,5122952,3.648,7384,0.0729211,86.603,2.56,,,,,,27422560,Human,,264,264,0,264,264,264.0,0.0,1,Rectal Swab ,DNA,United States,No ,batch_1,Batch2
doxyPEPREDO_R138_RectalSwab_DNA_Seq102_S211,Christina Love,2023-05-01 17:21:02 -0700,COMPLETE,30090,127551782,4766238,3.737,9064,0.0875276,85.105,2.38,,,,,,22847420,Human,,,,,,,,,,Rectal Swab ,DNA,United States,No ,batch_1,Batch2
doxyPEPREDO_R139_RectalSwab_DNA_Seq102_S9,Christina Love,2023-05-01 17:21:02 -0700,COMPLETE,28332,75046176,5624028,7.494,6858,0.114814,86.871,2.81,,,,,,17450632,Human,,,,,,,,,,Rectal Swab ,DNA,United States,No ,batch_1,Batch2
doxyPEPREDO_R144_RectalSwab_DNA_Seq102_S45,Christina Love,2023-05-01 17:21:03 -0700,COMPLETE,10776,14996680,8514170,56.774,8896,0.670658,92.292,4.25,,,,,,2983666,Human,,,,,,,,,,Rectal Swab ,DNA,United States,No ,batch_1,Batch2
doxyPEPREDO_R145_RectalSwab_DNA_Seq102_S100,Christina Love,2023-05-01 17:21:03 -0700,COMPLETE,9519,10541350,6624416,62.842,6638,0.982934,90.657,3.31,,,,,,2034486,Human,,,,,,,,,,Rectal Swab ,DNA,United States,No ,batch_1,Batch2
doxyPEPREDO_R150_RectalSwab_DNA_Seq102_S215,Christina Love,2023-05-01 17:21:03 -0700,COMPLETE,17044,142166756,4499884,3.165,8716,1.0,82.571,6.46,,,,,,696942,Human,,296,191,34,191,618,338.556,158.351,9,Rectal Swab ,DNA,United States,No ,batch_1,Batch2
doxyPEPREDO_R151_RectalSwab_DNA_Seq102_S70,Christina Love,2023-05-01 17:21:03 -0700,COMPLETE,5687,16800016,9319554,55.473,5075834,1.0,86.461,8.63,,,,,,1080060,Human,,,,,,,,,,Rectal Swab ,DNA,United States,No ,batch_1,Batch2
doxyPEPREDO_R157_RectalSwab_DNA_Seq102_S128,Christina Love,2023-05-01 17:21:03 -0700,COMPLETE,1521,456796,239578,52.447,8920,1.0,68.798,1.37,,,,,,175032,Human,,,,,,,,,,Rectal Swab ,DNA,United States,No ,batch_1,Batch2
doxyPEPREDO_R158_RectalSwab_DNA_Seq102_S145,Christina Love,2023-05-01 17:21:03 -0700,COMPLETE,25572,81772998,6878478,8.412,3960,0.684332,84.013,3.44,,,,,,2921898,Human,,,,,,,,,,Rectal Swab ,DNA,United States,No ,batch_1,Batch2
doxyPEPREDO_R159_RectalSwab_DNA_Seq102_S142,Christina Love,2023-05-01 17:21:03 -0700,COMPLETE,20590,97841916,2408982,2.462,6206,1.0,82.876,2.77,,,,,,870966,Human,,236,159,55,153,435,249.833,81.8603,36,Rectal Swab ,DNA,United States,No ,batch_1,Batch2
doxyPEPREDO_R162_RectalSwab_DNA_Seq102_S143,Christina Love,2023-05-01 17:21:03 -0700,COMPLETE,26456,87649928,5500058,6.275,4978,0.254502,85.566,2.75,,,,,,7868264,Human,,289,215,74,215,364,289.5,105.359,2,Rectal Swab ,DNA,United States,No ,batch_1,Batch2
doxyPEPREDO_R175_RectalSwab_DNA_Seq102_S13,Christina Love,2023-05-01 17:21:03 -0700,COMPLETE,31630,91086386,4943746,5.428,7262,0.0757041,89.383,2.47,,,,,,26428366,Human,,,,,,,,,,Rectal Swab ,DNA,United States,No ,batch_1,Batch2
doxyPEPREDO_R177_RectalSwab_DNA_Seq102_S56,Christina Love,2023-05-01 17:21:03 -0700,COMPLETE,21564,18712486,5233216,27.966,3030,0.469699,90.8,2.62,,,,,,4257998,Human,,,,,,,,,,Rectal Swab ,DNA,United States,No ,batch_1,Batch2
doxyPEPREDO_R186_RectalSwab_DNA_Seq102_S134,Christina Love,2023-05-01 17:21:03 -0700,COMPLETE,2229,2793454,1615516,57.832,5918,1.0,80.86,8.97,,,,,,180066,Human,,214,214,0,214,214,214.0,0.0,1,Rectal Swab ,DNA,United States,No ,batch_1,Batch2
doxyPEPREDO_R188_RectalSwab_DNA_Seq102_S120,Christina Love,2023-05-01 17:21:03 -0700,COMPLETE,32461,91291154,7366228,8.069,4038,0.478715,84.996,3.68,,,,,,4179322,Human,,,,,,,,,,Rectal Swab ,DNA,United States,No ,batch_1,Batch2
doxyPEPREDO_R189_RectalSwab_DNA_Seq102_S115,Christina Love,2023-05-01 17:21:03 -0700,COMPLETE,30468,150000000,18854370,12.57,10082,0.149455,89.513,9.4,,,,,,13423460,Human,,,,,,,,,,Rectal Swab ,DNA,United States,No ,batch_1,Batch2
doxyPEPREDO_R193_RectalSwab_DNA_Seq102_S25,Christina Love,2023-05-01 17:21:03 -0700,COMPLETE,25442,60546348,10199386,16.846,7632,0.457649,86.722,5.09,,,,,,4375292,Human,,376,376,0,376,376,376.0,0.0,1,Rectal Swab ,DNA,United States,No ,batch_1,Batch2
doxyPEPREDO_R194_RectalSwab_DNA_Seq102_S92,Christina Love,2023-05-01 17:21:04 -0700,COMPLETE,29070,35323962,7255856,20.541,2712,0.237107,91.657,3.62,,,,,,8450914,Human,,206,206,0,206,206,206.0,0.0,1,Rectal Swab ,DNA,United States,No ,batch_1,Batch2
doxyPEPREDO_R196_RectalSwab_DNA_Seq102_S80,Christina Love,2023-05-01 17:21:04 -0700,COMPLETE,31119,105005582,9914964,9.442,5560,0.114709,90.232,4.96,,,,,,17441880,Human,,,,,,,,,,Rectal Swab ,DNA,United States,No ,batch_1,Batch2
doxyPEPREDO_R198_RectalSwab_DNA_Seq102_S67,Christina Love,2023-05-01 17:21:04 -0700,COMPLETE,30707,150000000,4778438,3.186,13712,0.0354662,90.077,2.39,,,,,,56440180,Human,,,,,,,,,,Rectal Swab ,DNA,United States,No ,batch_1,Batch2
doxyPEPREDO_R201_RectalSwab_DNA_Seq102_S139,Christina Love,2023-05-01 17:21:04 -0700,COMPLETE,5037,19062424,1077050,5.65,4666,1.0,84.146,2.64,,,,,,407900,Human,,166,91,63,91,229,162.0,69.0869,3,Rectal Swab ,DNA,United States,No ,batch_1,Batch2
doxyPEPREDO_R204_RectalSwab_DNA_Seq102_S50,Christina Love,2023-05-01 17:21:04 -0700,COMPLETE,19388,68798156,5031798,7.314,3976,0.211778,82.69,2.51,,,,,,9448700,Human,,,,,,,,,,Rectal Swab ,DNA,United States,No ,batch_1,Batch2
doxyPEPREDO_R205_RectalSwab_DNA_Seq102_S219,Christina Love,2023-05-01 17:21:04 -0700,COMPLETE,32872,137164158,10129294,7.385,7602,0.0857616,87.975,5.05,,,,,,23374134,Human,,,,,,,,,,Rectal Swab ,DNA,United States,No ,batch_1,Batch2
doxyPEPREDO_R206_RectalSwab_DNA_Seq102_S84,Christina Love,2023-05-01 17:21:04 -0700,COMPLETE,32832,145549820,6868658,4.719,15268,0.0750405,84.363,3.43,,,,,,26693324,Human,,353,234,119,234,472,353.0,168.291,2,Rectal Swab ,DNA,United States,No ,batch_1,Batch2
doxyPEPREDO_R210_RectalSwab_DNA_Seq102_S73,Christina Love,2023-05-01 17:21:04 -0700,COMPLETE,21823,70490564,5242450,7.437,4444,0.453433,84.594,2.62,,,,,,4409386,Human,,159,159,0,159,159,159.0,0.0,1,Rectal Swab ,DNA,United States,No ,batch_1,Batch2
doxyPEPREDO_R216_RectalSwab_DNA_Seq102_S110,Christina Love,2023-05-01 17:21:04 -0700,COMPLETE,23386,71283504,7111276,9.976,3528,0.923596,84.925,3.56,,,,,,2165020,Human,,,,,,,,,,Rectal Swab ,DNA,United States,No ,batch_1,Batch2
doxyPEPREDO_R218_RectalSwab_DNA_Seq102_S149,Christina Love,2023-05-01 17:21:04 -0700,COMPLETE,24812,62759572,6423834,10.236,2972,0.21134,86.116,3.21,,,,,,9466494,Human,,,,,,,,,,Rectal Swab ,DNA,United States,No ,batch_1,Batch2
doxyPEPREDO_R219_RectalSwab_DNA_Seq102_S113,Christina Love,2023-05-01 17:21:04 -0700,COMPLETE,19613,69168784,5778080,8.354,3224,0.333952,83.174,2.89,,,,,,5990816,Human,,,,,,,,,,Rectal Swab ,DNA,United States,No ,batch_1,Batch2
doxyPEPREDO_R227_RectalSwab_DNA_Seq102_S232,Christina Love,2023-05-01 17:21:04 -0700,COMPLETE,17309,150000000,5664572,3.776,14920,1.0,79.692,9.05,,,,,,625624,Human,,261,174,87,174,469,303.2,123.962,5,Rectal Swab ,DNA,United States,No ,batch_1,Batch2
doxyPEPREDO_R242_RectalSwab_DNA_Seq102_S129,Christina Love,2023-05-01 17:21:04 -0700,COMPLETE,29055,107220386,4430258,4.132,6986,0.175672,83.946,2.21,,,,,,11396144,Human,,,,,,,,,,Rectal Swab ,DNA,United States,No ,batch_1,Batch2
doxyPEPREDO_R243_RectalSwab_DNA_Seq102_S212,Christina Love,2023-05-01 17:21:04 -0700,COMPLETE,26634,84187450,5845520,6.943,3704,0.739635,83.95,2.92,,,,,,2703446,Human,,187,157,30,157,217,187.0,42.4264,2,Rectal Swab ,DNA,United States,No ,batch_1,Batch2
doxyPEPREDO_R244_RectalSwab_DNA_Seq102_S6,Christina Love,2023-05-01 17:21:04 -0700,COMPLETE,23628,150000000,7939492,5.293,14100,0.0570872,93.192,3.96,,,,,,35097876,Human,,,,,,,,,,Rectal Swab ,DNA,United States,No ,batch_1,Batch2
doxyPEPREDO_R246_RectalSwab_DNA_Seq102_S1,Christina Love,2023-05-01 17:21:04 -0700,COMPLETE,31314,115467188,12063206,10.447,8496,0.144527,88.436,6.02,,,,,,13865276,Human,,,,,,,,,,Rectal Swab ,DNA,United States,No ,batch_1,Batch2
doxyPEPREDO_R247_RectalSwab_DNA_Seq102_S23,Christina Love,2023-05-01 17:21:04 -0700,COMPLETE,10248,55986792,3936174,7.031,7684,1.0,82.231,6.93,,,,,,567726,Human,,178,178,0,178,178,178.0,0.0,1,Rectal Swab ,DNA,United States,No ,batch_1,Batch2
doxyPEPREDO_R250_RectalSwab_DNA_Seq102_S96,Christina Love,2023-05-01 17:21:04 -0700,COMPLETE,36028,112359998,5320028,4.735,7384,0.0570297,88.029,2.66,,,,,,35118306,Human,,,,,,,,,,Rectal Swab ,DNA,United States,No ,batch_1,Batch2
doxyPEPREDO_R253_RectalSwab_DNA_Seq102_S130,Christina Love,2023-05-01 17:21:04 -0700,COMPLETE,22843,33701766,3761110,11.16,2678,0.160751,88.569,1.88,,,,,,12444314,Human,,,,,,,,,,Rectal Swab ,DNA,United States,No ,batch_1,Batch2
doxyPEPREDO_R254_RectalSwab_DNA_Seq102_S225,Christina Love,2023-05-01 17:21:04 -0700,COMPLETE,24088,113858226,4888832,4.294,15382,0.0492887,91.285,2.44,,,,,,40614914,Human,,,,,,,,,,Rectal Swab ,DNA,United States,No ,batch_1,Batch2
doxyPEPREDO_R258_RectalSwab_DNA_Seq102_S214,Christina Love,2023-05-01 17:21:04 -0700,COMPLETE,26503,102609930,7168270,6.986,10192,0.382293,82.947,3.58,,,,,,5236702,Human,,,,,,,,,,Rectal Swab ,DNA,United States,No ,batch_1,Batch2
doxyPEPREDO_R259_RectalSwab_DNA_Seq102_S146,Christina Love,2023-05-01 17:21:05 -0700,COMPLETE,29456,150000000,9153668,6.102,8694,0.0937955,87.649,4.57,,,,,,21336092,Human,,,,,,,,,,Rectal Swab ,DNA,United States,No ,batch_1,Batch2
doxyPEPREDO_R263_RectalSwab_DNA_Seq102_S94,Christina Love,2023-05-01 17:21:05 -0700,COMPLETE,25149,144581862,15156056,10.483,8878,0.180607,88.275,7.57,,,,,,11091550,Human,,,,,,,,,,Rectal Swab ,DNA,United States,No ,batch_1,Batch2
doxyPEPREDO_R264_RectalSwab_DNA_Seq102_S132,Christina Love,2023-05-01 17:21:05 -0700,COMPLETE,11870,39521176,3519476,8.905,5904,1.0,83.083,3.49,,,,,,1008984,Human,,210,210,0,210,210,210.0,0.0,1,Rectal Swab ,DNA,United States,No ,batch_1,Batch2
doxyPEPREDO_R270_RectalSwab_DNA_Seq102_S147,Christina Love,2023-05-01 17:21:05 -0700,COMPLETE,25845,118918568,7474550,6.285,5996,0.10932,87.861,3.73,,,,,,18327718,Human,,279,279,0,279,279,279.0,0.0,1,Rectal Swab ,DNA,United States,No ,batch_1,Batch2
doxyPEPREDO_R274_RectalSwab_DNA_Seq102_S22,Christina Love,2023-05-01 17:21:05 -0700,COMPLETE,27520,59109294,10035122,16.977,5712,0.432587,88.065,5.02,,,,,,4625468,Human,,170,170,0,170,170,170.0,0.0,1,Rectal Swab ,DNA,United States,No ,batch_1,Batch2
doxyPEPREDO_R276_RectalSwab_DNA_Seq102_S65,Christina Love,2023-05-01 17:21:05 -0700,COMPLETE,5425,8514676,7878922,92.533,4496,1.0,92.977,8.33,,,,,,946268,Human,,,,,,,,,,Rectal Swab ,DNA,United States,No ,batch_1,Batch2
doxyPEPREDO_R285_RectalSwab_DNA_Seq102_S98,Christina Love,2023-05-01 17:21:05 -0700,COMPLETE,20697,94488836,17285194,18.293,16962,1.0,83.775,9.27,,,,,,1865488,Human,,287,163,92,163,604,321.167,124.983,12,Rectal Swab ,DNA,United States,No ,batch_1,Batch2
doxyPEPREDO_R294_RectalSwab_DNA_Seq102_S238,Christina Love,2023-05-01 17:21:05 -0700,COMPLETE,26567,135349632,14156762,10.459,16986,0.116552,90.313,7.07,,,,,,17182940,Human,,,,,,,,,,Rectal Swab ,DNA,United States,No ,batch_1,Batch2
DoxyPep_NEC1_Plate1_Rectal_DNA_Seq091_S109,Ryan Ward,2022-12-12 11:40:14 -0800,COMPLETE,3117,9928816,11998,0.121,1495722,1.0,24.622,6.57,8271476,3023872,2036636,,,310012,Human,,121,90,35,26,633525,140.395,63.0477,828670,Rectal Swab,DNA,2022-11,Yes,"California, USA",Batch1
DoxyPep_NEC2_Plate1_Rectal_DNA_Seq091_S110,Ryan Ward,2022-12-12 11:40:14 -0800,COMPLETE,2704,233682,330,0.141,7732,1.0,15.073,1.35,224878,40124,33896,,,25140,Human,,93,90,13,57,544408,103.853,29.9577,4402,Rectal Swab,DNA,2022-11,Yes,"California, USA",Batch1
DoxyPep_NEC5_Plate2_Rectal_DNA_Seq091_S191,Ryan Ward,2022-12-12 11:40:14 -0800,COMPLETE,3158,7031424,13442,0.191,1512846,1.0,36.319,6.81,5455266,2376482,1981304,,,290832,Human,,158,90,51,22,631103,173.151,84.874,788079,Rectal Swab,DNA,2022-11,Yes,"California, USA",Batch1
DoxyPep_NEC6_Plate2_Rectal_DNA_Seq091_S192,Ryan Ward,2022-12-12 11:40:14 -0800,COMPLETE,2265,344692,264,0.077,6938,1.0,15.288,1.4,335478,57222,51288,,,36682,Human,,91,90,12,39,492316,106.004,33.2096,4607,Rectal Swab,DNA,2022-11,Yes,"California, USA",Batch1
DoxyPep_NTC1_Plate1_Rectal_DNA_Seq091_S7,Ryan Ward,2022-12-12 11:40:14 -0800,COMPLETE,3196,12096038,37742,0.312,3186906,1.0,52.336,9.41,8759058,5645346,4584152,,,487234,Human,,119,90,31,23,1905247,135.97,58.9592,1668490,Rectal Swab,DNA,2022-11,Yes,"California, USA",Batch1
DoxyPep_NTC2_Plate1_Rectal_DNA_Seq091_S149,Ryan Ward,2022-12-12 11:40:14 -0800,COMPLETE,2336,1629540,9388,0.576,353866,1.0,41.599,2.62,1240254,715474,515932,,,196904,Human,,126,90,37,32,621895,144.428,66.1122,194643,Rectal Swab,DNA,2022-11,Yes,"California, USA",Batch1
DoxyPep_NTC3_Plate2_Rectal_DNA_Seq091_S181,Ryan Ward,2022-12-12 11:40:14 -0800,COMPLETE,4601,16147596,3262178,20.202,3134462,1.0,59.566,11.79,12873746,9462732,7668326,,,650368,Human,,177,90,57,20,624502,195.185,99.2505,1636925,Rectal Swab,DNA,2022-11,Yes,"California, USA",Batch1
DoxyPep_NTC5_Plate2_Rectal_DNA_Seq091_S187,Ryan Ward,2022-12-12 11:40:14 -0800,COMPLETE,2253,329744,244,0.074,8906,1.0,15.386,1.39,317924,55532,48916,,,35204,Human,,96,90,16,44,626400,117.221,44.7098,5910,Rectal Swab,DNA,2022-11,Yes,"California, USA",Batch1
doxyPEPREDO_EMPTY1_RectalSwab_DNA_Seq102_S108,Christina Love,2023-05-01 17:20:59 -0700,COMPLETE,1209,2623682,48260,1.839,2108102,1.0,83.513,15.25,,,,,,3164,Human,,165,154,37,66,308,161.377,54.9206,69,Rectal Swab ,DNA,United States,Yes,batch_1,Batch2
doxyPEPREDO_EMPTY2_RectalSwab_DNA_Seq102_S186,Christina Love,2023-05-01 17:20:59 -0700,COMPLETE,1219,1470006,2690,0.183,1198250,1.0,83.261,2.26,,,,,,1192,Human,,153,150,32,37,468,153.36,48.2827,1053,Rectal Swab ,DNA,United States,Yes,batch_1,Batch2
doxyPEPREDO_EMPTY3_RectalSwab_DNA_Seq102_S106,Christina Love,2023-05-01 17:20:59 -0700,COMPLETE,1412,3435036,5776,0.168,2850594,1.0,84.375,2.74,,,,,,2110,Human,,157,148,33,52,426,155.505,49.6746,192,Rectal Swab ,DNA,United States,Yes,batch_1,Batch2
doxyPEPREDO_EMPTY4_RectalSwab_DNA_Seq102_S140,Christina Love,2023-05-01 17:20:59 -0700,COMPLETE,1340,2772214,5400,0.195,2283942,1.0,83.979,2.95,,,,,,1830,Human,,156,97,33,66,354,155.871,46.2131,147,Rectal Swab ,DNA,United States,Yes,batch_1,Batch2
doxyPEPREDO_EMPTY5_RectalSwab_DNA_Seq102_S208,Christina Love,2023-05-01 17:20:59 -0700,COMPLETE,1334,2172914,3724,0.171,1783632,1.0,83.429,2.44,,,,,,1528,Human,,162,162,28,55,489,164.448,47.3395,459,Rectal Swab ,DNA,United States,Yes,batch_1,Batch2
doxyPEPREDO_EMPTY6_RectalSwab_DNA_Seq102_S224,Christina Love,2023-05-01 17:20:59 -0700,COMPLETE,1373,3192058,5526,0.173,2595274,1.0,83.179,2.92,,,,,,1892,Human,,162,177,34,74,321,162.847,50.4558,59,Rectal Swab ,DNA,United States,Yes,batch_1,Batch2
doxyPEPREDO_NEC1_RectalSwab_DNA_Seq102_S54,Christina Love,2023-05-01 17:20:59 -0700,COMPLETE,1900,3387368,135484,4.0,2631332,1.0,83.626,4.23,,,,,,32066,Human,,162,176,14,134,196,161.2,19.5152,10,Rectal Swab ,DNA,United States,Yes,batch_1,Batch2
doxyPEPREDO_NEC2_RectalSwab_DNA_Seq102_S72,Christina Love,2023-05-01 17:20:59 -0700,COMPLETE,1276,2705050,4418,0.163,2270294,1.0,85.016,2.37,,,,,,1868,Human,,163,156,18,39,277,164.631,36.0849,195,Rectal Swab ,DNA,United States,Yes,batch_1,Batch2
doxyPEPREDO_NEC3_RectalSwab_DNA_Seq102_S90,Christina Love,2023-05-01 17:20:59 -0700,COMPLETE,1319,3031544,4776,0.158,2468806,1.0,82.902,2.6,,,,,,1836,Human,,159,147,28,51,326,160.855,46.8287,490,Rectal Swab ,DNA,United States,Yes,batch_1,Batch2
doxyPEPREDO_NEC4_RectalSwab_DNA_Seq102_S32,Christina Love,2023-05-01 17:20:59 -0700,COMPLETE,1401,5644604,9732,0.172,4658872,1.0,83.71,2.87,,,,,,3390,Human,,159,147,19,83,237,164.608,33.9017,51,Rectal Swab ,DNA,United States,Yes,batch_1,Batch2